Japanese,English,label,J-Escore,E-Escore
僕は朝食前に必ず30分ほど散歩することにしている。,I uselly taking walk about 30 min.before breakfast.,0,0.909771680831909,0.747008621692658
僕は朝食前に必ず30分ほど散歩することにしている。,I make it a rule to take a walk for about half an hour before breakfast.,111,0.891080796718597,0.794380724430084
僕は朝食前に必ず30分ほど散歩することにしている。,I always take a walk for 30 minutes before breakfast.,111,0.926733314990997,0.873550117015839
僕は朝食前に必ず30分ほど散歩することにしている。,I am always going to take a walk 30minutes before breakfast.,11,0.917413234710693,0.862707018852234
僕は朝食前に必ず30分ほど散歩することにしている。,I make it a rule to take a walk for half an hour before every breakfast.,101,0.902889370918274,0.812473654747009
まだ決めたわけではありませんが、会社を辞める事を考えています。,"I`m thinking about to gone office,no deside yet.",0,0.661513328552246,0.531318247318268
まだ決めたわけではありませんが、会社を辞める事を考えています。,"I haven't decided yet, but I'm thinking of quitting the company.",111,0.979253709316254,0.814410328865051
まだ決めたわけではありませんが、会社を辞める事を考えています。,"I haven't decided yet, but I am thinking to quit my job.",11,0.90758228302002,0.742067337036133
まだ決めたわけではありませんが、会社を辞める事を考えています。,I don't dicided yet I am thinking of quit the company. ,0,0.945915460586548,0.77435028553009
まだ決めたわけではありませんが、会社を辞める事を考えています。,"I have not yet decided, but I would like to leave the company.",110,0.894448161125183,0.82463538646698
この地に来たのはある調査をするためで、休日を過ごすためではない。,"No staying hollyday,to study coming here.",0,0.635376393795013,0.334879219532013
この地に来たのはある調査をするためで、休日を過ごすためではない。,"I came here to do some reserch, not to spend holiday.",10,0.755379915237427,0.551474928855896
この地に来たのはある調査をするためで、休日を過ごすためではない。,"I don't spend the holidays, I came here to do some research.",1,0.846329689025879,0.597764134407043
この地に来たのはある調査をするためで、休日を過ごすためではない。,"I came here to do some research, not to spend my holidays.",111,0.866895020008087,0.657019257545471
この地に来たのはある調査をするためで、休日を過ごすためではない。,"I came here not to live a holiday, the way to a search.",101,0.756599187850952,0.532580316066742
今朝からずっと待っているのに、彼はまだ現れない。,"I have waitting for him this morning,He doesn`t come.",100,0.936485052108765,0.823835372924805
今朝からずっと待っているのに、彼はまだ現れない。,"I have been waiting since this morning, but he has not shown up yet.",111,0.948038101196289,0.80593466758728
今朝からずっと待っているのに、彼はまだ現れない。,"I have been waiting since this morning, he has not turned up yet.",101,0.956418335437775,0.806529760360718
今朝からずっと待っているのに、彼はまだ現れない。,He has not appeared still even though I have waited from this morning.,111,0.889854907989502,0.750038266181946
今朝からずっと待っているのに、彼はまだ現れない。,"Although I wait him morning,he do not appear yet ",1,0.904038429260254,0.744044542312622
カナダでの生活は、案外お金がかからなかった。,I did't spend money that I thought  ,101,0.453738570213318,0.326724290847778
カナダでの生活は、案外お金がかからなかった。,Life in Canada was not as expensive as I thoght.,111,0.790852904319763,0.900316536426544
カナダでの生活は、案外お金がかからなかった。,Living in Canada didn't cost much than I had expected.,111,0.753067970275879,0.846861839294434
カナダでの生活は、案外お金がかからなかった。,I did not consume the money for Canadian life rather than I predicted before.,11,0.744228422641754,0.716307699680328
カナダでの生活は、案外お金がかからなかった。,Living in Canada do not cost money than I think.,101,0.670327186584473,0.856616735458374
私たちが空港に着いたとき、その飛行機はすでに離陸したあとだった。,The plane has gone when we arrived at airport.,1,0.709518671035767,0.795263469219208
私たちが空港に着いたとき、その飛行機はすでに離陸したあとだった。,"When we arrived at the airport, the plane had already taken off.",111,0.950485229492188,0.841536164283752
私たちが空港に着いたとき、その飛行機はすでに離陸したあとだった。,"When we arrived the airport, the aiplain have already taken off.",10,0.85319983959198,0.69233763217926
私たちが空港に着いたとき、その飛行機はすでに離陸したあとだった。,"When I arrived the airport, the flight had already taken off. ",11,0.912231802940369,0.800651133060455
私たちが空港に着いたとき、その飛行機はすでに離陸したあとだった。,The airplane have already departed when we arrived at the airport.,111,0.887133359909058,0.850983500480652
お金があれば、もう一泊するのだが。,"If I had money, I would stay one more night.",111,0.926298379898071,0.968695640563965
お金があれば、もう一泊するのだが。,"If I have money, I stay one more night.",1,0.874222159385681,0.92242830991745
お金があれば、もう一泊するのだが。,"If I have money, I would stay one more night.",11,0.93549382686615,0.948782324790955
お金があれば、もう一泊するのだが。,If I have money I will stay one more night.,1,0.868154346942902,0.914736032485962
お金があれば、もう一泊するのだが。,I would like to stay one more night if I have money.,111,0.87926185131073,0.896367073059082
昨夜、急げば終電に間に合っていただろう。,"If I was hurr up, I made to ride on the last train last night.",0,0.824472308158875,0.752563953399658
昨夜、急げば終電に間に合っていただろう。,I would be on time last night if I go hurrily.,100,0.730985164642334,0.530033826828003
昨夜、急げば終電に間に合っていただろう。,"Last night, if I had been in a rush, I could have caught the last train",111,0.851966261863709,0.945672929286957
昨夜、急げば終電に間に合っていただろう。,"Last night, if I harried up, I were able to take the train.",11,0.81422358751297,0.762255311012268
昨夜、急げば終電に間に合っていただろう。,I have riden by last train last night.,100,0.773810505867004,0.710167706012726
午前9時発の新幹線は静岡に停車するかどうか教えてください。,"Please tell me, Will the fast train arrive at Shizuoka from Tokyo 9am?",100,0.885107159614563,0.537690937519074
午前9時発の新幹線は静岡に停車するかどうか教えてください。,Please tell me if the Shinkansen leaving at 9 a.m. stops at Shizuoka.,111,0.867826640605927,0.827412843704224
午前9時発の新幹線は静岡に停車するかどうか教えてください。,I would like to know if the high speed train departing at 9am stop by Shizuoka.,111,0.884427905082703,0.544677972793579
午前9時発の新幹線は静岡に停車するかどうか教えてください。,Could you tell me if the Shinkansen departing at 9am will stop in Shizuoka.,11,0.887149333953857,0.823456883430481
午前9時発の新幹線は静岡に停車するかどうか教えてください。,Could you please teach me whether Shinkansen departing at 9 AM stop Shizuoka or not ?,111,0.797435641288757,0.759235143661499
新郎新婦は、五時半の特急で新婚旅行に出かけます。,Bride and groom go honeymoon by express at 5:30.,111,0.869326829910278,0.889988899230957
新郎新婦は、五時半の特急で新婚旅行に出かけます。,The bride and har hasband take the 5:30 express train for their haneymoon.,110,0.821077287197113,0.571673035621643
新郎新婦は、五時半の特急で新婚旅行に出かけます。,The bloom and bride will be going to their honeymoon on the express train five thirty ,11,0.855948388576508,0.708703577518463
新郎新婦は、五時半の特急で新婚旅行に出かけます。,The bride and groom will go on their honeymoon on the express train at 5:30.,111,0.851101696491241,0.774434208869934
新郎新婦は、五時半の特急で新婚旅行に出かけます。,New merring men and women are leaving travel of marring by special train half to 5 o'clock.,110,0.639359891414642,0.490844666957855
私たちは当面ホテル住まいをしているが、いずれマンションを見つけるつもりです。, We have been living at hotel until finding some apart anyday.  ,0,0.759075105190277,0.715227603912354
私たちは当面ホテル住まいをしているが、いずれマンションを見つけるつもりです。,"We are living in a hotel for long time, but will find an apartment after a while.",1,0.891002774238586,0.879662036895752
私たちは当面ホテル住まいをしているが、いずれマンションを見つけるつもりです。,"We've been staying hotel for the time being, however we are planning to find a room for rent in the near future.",11,0.872950553894043,0.787329733371735
私たちは当面ホテル住まいをしているが、いずれマンションを見つけるつもりです。,"We live in a hotel for a while, we would find an apartment.",101,0.909661531448364,0.879794120788574
私たちは当面ホテル住まいをしているが、いずれマンションを見つけるつもりです。,We will find a manshon ,0,0.384114593267441,0.341050148010254
学校を休んで家にいれば、彼は数日中に風邪が治るに違いない。,"I will diside absent scool and stay home, it will be recove from cold couple of days.",0,0.648342430591583,0.548187136650085
学校を休んで家にいれば、彼は数日中に風邪が治るに違いない。,"If he stays home from school, he will get over his cold in a few days.",111,0.937494277954102,0.984191238880158
学校を休んで家にいれば、彼は数日中に風邪が治るに違いない。,He must recover from sick in a few days if he absents from school and stay in his house,10,0.754296660423279,0.64505660533905
学校を休んで家にいれば、彼は数日中に風邪が治るに違いない。,If he will be absent from school to stay home. his cold is must be cured.,11,0.835737466812134,0.814253449440002
学校を休んで家にいれば、彼は数日中に風邪が治るに違いない。,"If he is absent from school and stays home, he must be able to get over his cold within a few days.",111,0.920575499534607,0.912138223648071
日本を訪れる外国人観光客は年々増えている。,Foreign tourist to visit Japan increase year by year.,11,0.970557332038879,0.842802166938782
日本を訪れる外国人観光客は年々増えている。,The number of foreigners visiting Japan is increasing year by year.,111,0.966616570949554,0.852096736431122
日本を訪れる外国人観光客は年々増えている。,The number of foreign tourists who visit Japan is increasing.,111,0.980848431587219,0.867425620555878
日本を訪れる外国人観光客は年々増えている。,The number of visitors from foreigen countries to Japan is increasing year by year.,110,0.922744631767273,0.749822080135345
日本を訪れる外国人観光客は年々増えている。,It is yearly incline that other country tourists visit Japan.,101,0.804993629455566,0.81592583656311
私はおととしの夏、江ノ島に海水浴に行った。,"I went to Enoshima for the swimming the summer before last,",111,0.833532571792602,0.951893270015717
私はおととしの夏、江ノ島に海水浴に行った。,I went to Enoshima for sea bathing in summer two years ago.,111,0.885380387306213,0.871101140975952
私はおととしの夏、江ノ島に海水浴に行った。,I went to Enoshima to swim in the summer before last year.,111,0.846156001091003,0.927326798439026
私はおととしの夏、江ノ島に海水浴に行った。,"In the summmer two years ago, I went bathing to Enoshima beach.",10,0.851341843605042,0.793092370033264
私はおととしの夏、江ノ島に海水浴に行った。,I went to swin at Enoshima the summer before last year.,110,0.704614639282227,0.782952606678009
この頃、ほとんどの用事は携帯電話で済ませてしまう人が多い。,"These days, many people do most of their business with their cellphones.",101,0.925793051719666,0.858586311340332
この頃、ほとんどの用事は携帯電話で済ませてしまう人が多い。,"In these days, a lot of people do every thing with cell phone.",0,0.865241587162018,0.828625380992889
この頃、ほとんどの用事は携帯電話で済ませてしまう人が多い。,"These days, many people use their mobile phones to do most work they have to.",101,0.893143534660339,0.801448583602905
この頃、ほとんどの用事は携帯電話で済ませてしまう人が多い。,"In these days, most of the things can be done by mobile phones.",1,0.920350432395935,0.679260492324829
この頃、ほとんどの用事は携帯電話で済ませてしまう人が多い。,"Recently, many people do most of their work by using thier cellphone.",100,0.896492600440979,0.774867475032806
この二か月で内閣支持率を急上昇した。,The Cabinet's approval rating has soared sicce the past two months.,110,0.826377987861633,0.741433620452881
この二か月で内閣支持率を急上昇した。,Number of person agree with minister increased in this two month.,1,0.730394124984741,0.409485578536987
この二か月で内閣支持率を急上昇した。,"In the last two months, the rate of support for the government increased rapidly.",101,0.893283128738403,0.475173234939575
この二か月で内閣支持率を急上昇した。,The supportive rate for the government has surged in these two months.,101,0.840838193893433,0.468638062477112
この二か月で内閣支持率を急上昇した。,The rating of    is increased rapidly in this two months.,1,0.749326288700104,0.552008748054504
朝起きたら最初に何をしますか。,"What do you do first ,when you wake up the morning?",11,0.989456295967102,0.665136575698853
朝起きたら最初に何をしますか。,What do you do first when you get up.,111,0.957542300224304,0.909330129623413
朝起きたら最初に何をしますか。,What do you do first when you wake up in the morning?,111,0.986855983734131,0.646562278270721
朝起きたら最初に何をしますか。,What to do first in the morning.,101,0.934039056301117,0.537117779254913
朝起きたら最初に何をしますか。,What do you do first when you wake up in the morning?,111,0.986855983734131,0.646562278270721
それは秘密にしておいた方が良い,It is better that is secret.,111,0.835223078727722,0.278093755245209
それは秘密にしておいた方が良い,You had better keep it a secret.,111,0.952530741691589,0.469892144203186
それは秘密にしておいた方が良い,You had better keep it a secret.,111,0.952530741691589,0.469892144203186
それは秘密にしておいた方が良い,It's better to keep it a secret.,111,0.933487176895142,0.41006326675415
それは秘密にしておいた方が良い,It is better for you to keep it secret.,111,0.915977716445923,0.402204066514969
大臣は前言の撤回をせざるをえなかった。,The minister had no choice but to take back what he had said.,111,0.737015008926392,0.520941197872162
大臣は前言の撤回をせざるをえなかった。,The minister had to withdrae his comment.,110,0.873328745365143,0.456199765205383
大臣は前言の撤回をせざるをえなかった。,The minister had no way except taking back what he said.,11,0.683207869529724,0.506410002708435
大臣は前言の撤回をせざるをえなかった。,The minister had to admit what he said was wrong.,111,0.677541851997376,0.992942214012146
大臣は前言の撤回をせざるをえなかった。,The minister forced to cancel previous opinion.,1,0.823485732078552,0.534732103347778
彼女を失ってはじめて、お金では買えないものがあることを知った。,"After I lost her, I realized that there was something money couldn't buy for the first time.",111,0.919911861419678,0.786599695682526
彼女を失ってはじめて、お金では買えないものがあることを知った。,I knew there is a thing not to buy money to lose her.,101,0.766053438186646,0.531655550003052
彼女を失ってはじめて、お金では買えないものがあることを知った。,I noticed of that there is something that cannnot buy in the first time after breaking up with my girlfriend.,1,0.586098730564117,0.389715164899826
彼女を失ってはじめて、お金では買えないものがあることを知った。,"Only when I had lost her, I knew that there are things that I can't buy with money.",111,0.937353789806366,0.774732768535614
彼女を失ってはじめて、お金では買えないものがあることを知った。,I lost her and this was the first time for me to find out that there was cashless.,101,0.778562545776367,0.612220644950867
円高のおかげで、最近は海外旅行が安くできるようになった。,"Recentlly, It be abel to take abroad trips cheeply couse preousiou en.",0,0.43185418844223,0.330557644367218
円高のおかげで、最近は海外旅行が安くできるようになった。,"Thanks to the increase of yen's value, we can travel abroad at a lower price.",11,0.888406455516815,0.864048957824707
円高のおかげで、最近は海外旅行が安くできるようになった。,"Thanks to the strong yen, you can enjoy traveling abroad in low prices recently.",11,0.876923799514771,0.838354587554931
円高のおかげで、最近は海外旅行が安くできるようになった。,"Thanks to the strong yen, it has become possible to travel abroad cheaply in these days.",11,0.882275462150574,0.83317482471466
円高のおかげで、最近は海外旅行が安くできるようになった。,"Recently, someone can go abroad to expensive yen.",101,0.667157113552094,0.716635942459106
この箱を運ぶのにちょっと手を貸していただけませんか。,Please help me to carry this box.,101,0.885688006877899,0.749926805496216
この箱を運ぶのにちょっと手を貸していただけませんか。,Could you help me carry yhis box.,100,0.786259412765503,0.712903141975403
この箱を運ぶのにちょっと手を貸していただけませんか。,Could you give me a hand to bring this box.,11,0.945547103881836,0.947441577911377
この箱を運ぶのにちょっと手を貸していただけませんか。,Could you please help us to bring this box?,101,0.887404084205627,0.800694346427918
この箱を運ぶのにちょっと手を貸していただけませんか。,please help me to carrying the box.,1,0.861728608608246,0.722218871116638
その店で買い物をしていたら、旧友のジムに会いました。,"When I was shopping, I met old friend, Jim.",111,0.967543244361877,0.845334649085999
その店で買い物をしていたら、旧友のジムに会いました。,"While I went shopping at that store, I met an old friend,Jim.",111,0.980236887931824,0.832671880722046
その店で買い物をしていたら、旧友のジムに会いました。,"I was shopping at that store, I met old friend Jim. ",111,0.97430145740509,0.85405683517456
その店で買い物をしていたら、旧友のジムに会いました。,"I met Jim who is my old friend, when I bought someone in it's store.",100,0.942735195159912,0.776468396186829
その店で買い物をしていたら、旧友のジムに会いました。,"When I was shopping this store, I met Jim of old friend.",111,0.977539300918579,0.79134202003479
火災が発生してから30分後に消防隊が到着した。,Fire men came at burns place 30 minuts later.,0,0.89898407459259,0.522058963775635
火災が発生してから30分後に消防隊が到着した。,Firefighters arrived 30 minutes after the fire accident broke out.,111,0.944974064826965,0.833158493041992
火災が発生してから30分後に消防隊が到着した。,The firefighters arrived after the fire got started.,101,0.782223165035248,0.669028162956238
火災が発生してから30分後に消防隊が到着した。,Firemen reached 30 minitues after the fire happened.,110,0.856911301612854,0.661889672279358
火災が発生してから30分後に消防隊が到着した。,it have arrived at 30 minutes later since causing  fire.,0,0.795060753822327,0.707464337348938
ホワイト氏は、四人家族を養うために一生懸命働いた。,Mr.White worked hard to feed his four family.,110,0.950681090354919,0.873564958572388
ホワイト氏は、四人家族を養うために一生懸命働いた。,Mr. White worked hard in order to taking care of his family of 4.,11,0.960548281669617,0.91471266746521
ホワイト氏は、四人家族を養うために一生懸命働いた。,"Mr,White worked hardly to feed his family of 4. ",11,0.639979720115662,0.650684595108032
ホワイト氏は、四人家族を養うために一生懸命働いた。,White-san worked hard to support his family of four.,111,0.88905930519104,0.900048613548279
ホワイト氏は、四人家族を養うために一生懸命働いた。,"Mr,white worked hard to grow four person family.",101,0.949057579040527,0.869529008865356
赤ちゃんが目を覚まさないように、私はそっと歩いた。,I walked softly so that the baby wouldn't wake up.,111,0.907851874828339,0.712748289108276
赤ちゃんが目を覚まさないように、私はそっと歩いた。,I walked slowly not to wake up baby.,111,0.899912476539612,0.736751556396484
赤ちゃんが目を覚まさないように、私はそっと歩いた。,I walked slowly to not wake the baby up.,11,0.899831414222717,0.739316999912262
赤ちゃんが目を覚まさないように、私はそっと歩いた。,I walked quietly not to awake the baby.,110,0.93371170759201,0.697416424751282
赤ちゃんが目を覚まさないように、私はそっと歩いた。,I walked quietly so that the baby wouldn't wake up.,111,0.928413033485413,0.691842138767242
この歌を聞くといつも私たちが過ごしたニューヨークの日々を思い出す。,This song make me remember to presious memory when we had stayed N.Y.,0,0.872928142547607,0.482212960720062
この歌を聞くといつも私たちが過ごしたニューヨークの日々を思い出す。,"When I was listen to the music, I recognized the days in New York.",1,0.751700103282928,0.735453128814697
この歌を聞くといつも私たちが過ごしたニューヨークの日々を思い出す。,This song always reminds me of the day we epend in New York.,110,0.944495856761932,0.788788795471191
この歌を聞くといつも私たちが過ごしたニューヨークの日々を思い出す。,"Whenever I hear this song, which reminds me the days we spend in New York.",11,0.938700675964356,0.850123524665833
この歌を聞くといつも私たちが過ごしたニューヨークの日々を思い出す。,"Whenever I hear this song, I remember the days I spent in New York.",111,0.918251812458038,0.863029599189758
自分の故郷に少しも愛情を感じない人はめったにいません。,It is strang that no tenderlling own home.,0,0.475363701581955,0.152417525649071
自分の故郷に少しも愛情を感じない人はめったにいません。,There is rarely noone who doesn't have even a little love towards their own hometown.,110,0.922594130039215,0.425872534513474
自分の故郷に少しも愛情を感じない人はめったにいません。,Hardly ever don't feel emotions own town.,101,0.732836544513702,0.269088268280029
自分の故郷に少しも愛情を感じない人はめったにいません。,Few people feel no affection for their hometown.,111,0.878288567066193,0.455733716487884
自分の故郷に少しも愛情を感じない人はめったにいません。,It is rare person that one's hometown do not feel in love.,11,0.788147449493408,0.434207677841186
君が大学に合格するかどうかは今後1年間の君の勉強量にかかっている。,"If you want to pass exam of uni, you should be sutdy hard.",0,0.54981005191803,0.496583998203278
君が大学に合格するかどうかは今後1年間の君の勉強量にかかっている。,It depends on the amount of study you do in the next one year whether you pass the exam of college.,111,0.944319307804108,0.827491641044617
君が大学に合格するかどうかは今後1年間の君の勉強量にかかっている。,Whether you pass the entrance exam for the university or not will be up to how mucu you study hard next one year.,110,0.819146573543549,0.839331746101379
君が大学に合格するかどうかは今後1年間の君の勉強量にかかっている。,Whether you pass the test for univercity depends on your amount of study over the next year.,110,0.839116454124451,0.722820401191711
君が大学に合格するかどうかは今後1年間の君の勉強量にかかっている。,you do amount of the studying whether to pass university.,1,0.860901355743408,0.745375752449035
丁寧に手を洗うことが、ばい菌の広がりを食い止める最良の方法である。,Washing your hands carefully is the best way to stop the spread of germs.,111,0.942436814308166,0.944888710975647
丁寧に手を洗うことが、ばい菌の広がりを食い止める最良の方法である。,to wash hands politely is the best way to stop movement of bacteria. ,11,0.9156693816185,0.712498962879181
丁寧に手を洗うことが、ばい菌の広がりを食い止める最良の方法である。,Washing hands cleanly is the best way to prevent to not spread virus.,11,0.888236165046692,0.71833336353302
丁寧に手を洗うことが、ばい菌の広がりを食い止める最良の方法である。,Washing your hands neatly is the best way to curb the spreading of germs.,111,0.942183375358582,0.896357417106628
丁寧に手を洗うことが、ばい菌の広がりを食い止める最良の方法である。,It is the best way to wash hands many times in order to avoid spreading the virus. ,101,0.858624815940857,0.688022673130035
安売りがすべての消費者の利益になるとは限らない。,Cheap sales are not in the interest of all consumers.,101,0.915096163749695,0.632177114486694
安売りがすべての消費者の利益になるとは限らない。,To sale is not necessary benefit of all customer.,0,0.820564031600952,0.412138491868973
安売りがすべての消費者の利益になるとは限らない。,Not all consumers think that cheap sales will be benefit.,1,0.940115451812744,0.691084623336792
安売りがすべての消費者の利益になるとは限らない。,Bargains are not       customers.,0,0.648171305656433,0.623459100723267
安売りがすべての消費者の利益になるとは限らない。,The cheep does not always lead to consumer's benefit.,110,0.764714419841766,0.400519669055939
母親のわが子に対する愛情ほど美しいものはない。,No beautiful even mothers love child.,1,0.460917830467224,0.791966557502747
母親のわが子に対する愛情ほど美しいものはない。,There is nothing more beautiful than a mother's love for her child.,111,0.970151543617248,0.851352095603943
母親のわが子に対する愛情ほど美しいものはない。,Nothing is more beautiful than a mother's love for her child.,111,0.969703674316406,0.877518177032471
母親のわが子に対する愛情ほど美しいものはない。,There is no beautiful thing rather than lovely passion to child from mother.,11,0.908350348472595,0.749092102050781
母親のわが子に対する愛情ほど美しいものはない。,No other beautiful thing love mother to son.,101,0.919164955615997,0.730891942977905
沖縄ほど米軍基地が集中している県は日本には他にはない。,There is USA army in Okinawa even other pri in Japan.,101,0.716057300567627,0.689580082893372
沖縄ほど米軍基地が集中している県は日本には他にはない。,Okinawa is only the place where so many American military bases placed in.,1,0.805445790290833,0.729559779167175
沖縄ほど米軍基地が集中している県は日本には他にはない。,"No other in Japan, Okinawa       prefecture",0,0.682296991348267,0.698534488677979
沖縄ほど米軍基地が集中している県は日本には他にはない。,No other prefecture in Japan has as many US military bases as Okinawa.,111,0.885744869709015,0.835626602172852
沖縄ほど米軍基地が集中している県は日本には他にはない。,No other prefecture of Japan are a lot of American base in Okinawa.,11,0.804347395896912,0.736540794372559
こんなすさまじい台風は生まれて始めてだ。,I`ve ever find heavy taihoon first time.,0,0.632169783115387,0.073399178683758
こんなすさまじい台風は生まれて始めてだ。,I never had such a terrible typhoon.,111,0.630064845085144,0.601424276828766
こんなすさまじい台風は生まれて始めてだ。,It's been a first time for me to experience such a strong typhoon.,11,0.770417094230652,0.633306384086609
こんなすさまじい台風は生まれて始めてだ。,A    typhoon is for the first time in my life. ,101,0.785077571868897,0.636843860149383
こんなすさまじい台風は生まれて始めてだ。,"For the first time in my life, it is terrible typhoon.",1,0.766067445278168,0.832310378551483
一般的に言って、人は年を取るにつれて、ますます寛大になるのです。,"Generally speaking, people become kind as the get older. ",100,0.926640510559082,0.738949179649353
一般的に言って、人は年を取るにつれて、ますます寛大になるのです。,"In general , Man    his age",0,0.482522249221802,0.550061583518982
一般的に言って、人は年を取るにつれて、ますます寛大になるのです。,"Generally speaking, the older people become, the more generous they become.",111,0.909075498580933,0.759552717208862
一般的に言って、人は年を取るにつれて、ますます寛大になるのです。,"Generally speaking, people get generous as they get older.",101,0.91941487789154,0.646009981632233
一般的に言って、人は年を取るにつれて、ますます寛大になるのです。,"In general, the more people become older, the more people become tolerable. ",111,0.851372182369232,0.737883925437927
先日20年ぶりに帰省した。,I came to home until 20 years.,1,0.720016837120056,0.647693514823914
先日20年ぶりに帰省した。,I went to hometown the other day for the first time in 20 years.,11,0.750720143318176,0.856450080871582
先日20年ぶりに帰省した。,I went home for the first time in 20years the other day.,111,0.799544751644135,0.7531578540802
先日20年ぶりに帰省した。,The other day I went home for the first time in 20 years.,111,0.812025666236877,0.759520411491394
先日20年ぶりに帰省した。,I have been to home last month since 20 years.,101,0.749766945838928,0.520169734954834
こんなにいい天気は久しぶりですと地元の人が言っていた。,Local people said it is rare in this fine weather.,101,0.773463487625122,0.183876872062683
こんなにいい天気は久しぶりですと地元の人が言っていた。,The local people said that it has been a long time since we have had such a good weather.,11,0.82469916343689,0.408006370067596
こんなにいい天気は久しぶりですと地元の人が言っていた。,"Local persons said ""It's been a while such a beatiful weather we have"".",110,0.797621130943298,0.261231154203415
こんなにいい天気は久しぶりですと地元の人が言っていた。,Local people said that there was no such sunny day for a long time. ,111,0.725247383117676,0.413499057292938
こんなにいい天気は久しぶりですと地元の人が言っていた。,Person of this resion said it is very good weather.,0,0.780705213546753,0.417235821485519
の地方では、桜の花は3月の終わり頃に咲き、4月上旬に満開となる。,Cherry blossoms bloom around the end of March and bloom in early April in this region.,111,0.955903649330139,0.931080937385559
の地方では、桜の花は3月の終わり頃に咲き、4月上旬に満開となる。,cherry blossom start blooming in march and become full in april in this area.,100,0.953307032585144,0.873027205467224
の地方では、桜の花は3月の終わり頃に咲き、4月上旬に満開となる。,"In this area, the cherry blossoms bloom at the end of March and become full bloom in early April.",111,0.964958846569061,0.951200842857361
の地方では、桜の花は3月の終わり頃に咲き、4月上旬に満開となる。,"In this area, cherry blossoms start to bloom in the end of March, and they are in full bloom in the beginning of April.",11,0.954614043235779,0.931125164031982
の地方では、桜の花は3月の終わり頃に咲き、4月上旬に満開となる。,The sakura start blooming at the end of March and it fully blooms at early of April.,10,0.88149094581604,0.701206207275391
はひどい雨だから、もうしばらくここにおいでになった方がようでしょう。,"You are better to stay here for miniuts, it heavy rain outside.",10,0.815858244895935,0.578340113162994
はひどい雨だから、もうしばらくここにおいでになった方がようでしょう。,"Because it rains heavily in outside, you better staying here for a while.",11,0.9082310795784,0.660712003707886
はひどい雨だから、もうしばらくここにおいでになった方がようでしょう。,"Because of heavy rain outside, you should stay here for a while.",111,0.907801568508148,0.625431180000305
はひどい雨だから、もうしばらくここにおいでになった方がようでしょう。,"It's raining terribly outside, so it is better for you to stay here for a a while.",111,0.906944215297699,0.663640141487122
はひどい雨だから、もうしばらくここにおいでになった方がようでしょう。,you had better be here because of heavy rain outside.,101,0.880829036235809,0.555627107620239
この頃、天候が変わりやすい。,I think weather is changing reacentlly.,0,0.827781796455383,0.788879156112671
この頃、天候が変わりやすい。,"These days, climate frequently changes.",111,0.906037092208862,0.693295896053314
この頃、天候が変わりやすい。,"Recently, the weather is so changeable.",111,0.945073485374451,0.861576735973358
この頃、天候が変わりやすい。,"Recently, the weather changes easily.",111,0.927109956741333,0.738778948783875
この頃、天候が変わりやすい。,"Recently, It tend to chenge the weather.",10,0.720902323722839,0.487649172544479
梅雨に入ってからこの二週間近くも降ったりやんだりしている。,It has been raining on and off for nearly two weeks since the rainy season began.,111,0.947085440158844,0.966773688793182
梅雨に入ってからこの二週間近くも降ったりやんだりしている。,Rain sometimes in this two weeks ,101,0.88893061876297,0.816504955291748
梅雨に入ってからこの二週間近くも降ったりやんだりしている。,"Since rainy season came, it rains repeatedly for two weeks.",11,0.839589595794678,0.814030647277832
梅雨に入ってからこの二週間近くも降ったりやんだりしている。,It rains and stop from enter the rainy season.,1,0.749930739402771,0.79256945848465
梅雨に入ってからこの二週間近くも降ったりやんだりしている。,"After entering the Tsuyu, the rain is started or stopped many times for two weeks.",101,0.716068029403687,0.637098729610443
今度の日曜日、天候がよければ奥多摩にハイキングに行きませんか。,Shall we go to take hikking to Okutama if good weather next Sunday?,110,0.797016501426697,0.523781776428223
今度の日曜日、天候がよければ奥多摩にハイキングに行きませんか。,Why don't we go hiking if the weather is fine this Sunday.,11,0.822721242904663,0.639707326889038
今度の日曜日、天候がよければ奥多摩にハイキングに行きませんか。,"When it will be good weather, would you go hiking to Okutama next Sunday.",0,0.830081343650818,0.918673276901245
今度の日曜日、天候がよければ奥多摩にハイキングに行きませんか。,May I go to the hiking in Okutama with you if the wether of the coming Sunnday is fine ?,10,0.687439918518066,0.753661155700684
今度の日曜日、天候がよければ奥多摩にハイキングに行きませんか。,"When shall we do hiking next summer, it will be sunny.",0,0.696881771087647,0.689251065254211
天気予報によると、台風は今夜半頃、九州地方に接近するそうです。,Weather forecast says Typhoon will come near to Kyushu area in around midnighit tonight.  ,10,0.909581780433655,0.549919784069061
天気予報によると、台風は今夜半頃、九州地方に接近するそうです。,"According to forecast, the typhoon is approaching Kyushu-area around this midnight.",11,0.921139240264893,0.597832679748535
天気予報によると、台風は今夜半頃、九州地方に接近するそうです。,"According to the weather forecast, the tayhoon will reach the Kyushu-reagion aroud midnight.",100,0.718809008598328,0.533633410930633
天気予報によると、台風は今夜半頃、九州地方に接近するそうです。,"According to weather broadcast, typhoon is near resion in Kyusyu tonight.",11,0.789557695388794,0.695576608181
天気予報によると、台風は今夜半頃、九州地方に接近するそうです。,The weather report says that the typhoon will arrive to Kyushu areas around the midnight tonight.,11,0.889667987823486,0.573233366012573
東京の気候は私の故郷よりもはるかに穏やかだ。,It Tokyo is better climet than my home country.,1,0.889730572700501,0.651835203170776
東京の気候は私の故郷よりもはるかに穏やかだ。,The climate of Tokyo is much milder than that of my hometown.,111,0.961197018623352,0.985144793987274
東京の気候は私の故郷よりもはるかに穏やかだ。,The climate in Tokyo is much milder than in my hometown.,111,0.966795802116394,0.99123203754425
東京の気候は私の故郷よりもはるかに穏やかだ。,The climate in Tokyo is milder than that is in my hometown.,111,0.930236101150513,0.979329466819763
東京の気候は私の故郷よりもはるかに穏やかだ。,The wether of Tokyo is more liveable than my local reagion.,0,0.846554279327393,0.58695113658905
今年の冬は例年になく雪が多い。,"This winter, we have much more snow than usual.",111,0.881404638290405,0.95357608795166
今年の冬は例年になく雪が多い。,This winter has a lot of snow.,101,0.885069906711578,0.796303331851959
今年の冬は例年になく雪が多い。,It unprecedentedly snows a lot this year.,111,0.867120921611786,0.579770445823669
今年の冬は例年になく雪が多い。,There is more snow this year than usual.,111,0.887642025947571,0.883425116539001
今年の冬は例年になく雪が多い。,This winter there are a lot of snow rather than other year.,11,0.849145591259003,0.82222330570221
こんなに大雪になったのは20年ぶりだ。,It is heavy snow to become 20 years before.,101,0.849621772766113,0.633944690227508
こんなに大雪になったのは20年ぶりだ。,It's been a 20 years since snowing such a lot.,11,0.933953166007996,0.682260930538178
こんなに大雪になったのは20年ぶりだ。,"The heaviest snowfall in recent 20 years. 
 ",11,0.836951673030853,0.864856123924255
こんなに大雪になったのは20年ぶりだ。,Such large snow is the first time after the large snow twenty years ago.,101,0.887309551239014,0.686039924621582
こんなに大雪になったのは20年ぶりだ。,It have been very snow since 20 years.,10,0.855822026729584,0.640630602836609
道が混んでいてバスが予定より20分も遅れたものですから。,Because bus was late in 20minuites according to traffic jam. ,11,0.926515161991119,0.814631223678589
道が混んでいてバスが予定より20分も遅れたものですから。,The bus was 20 minutes late because the road was crowded.,111,0.960809588432312,0.828293085098267
道が混んでいてバスが予定より20分も遅れたものですから。,"Because of the heavy traffic, the bus was late 20 minites as it scheduled.",101,0.942865967750549,0.776750922203064
道が混んでいてバスが予定より20分も遅れたものですから。,Because the bus was delayed for 20 minitues by the road traffic.,100,0.876740097999573,0.736754179000855
道が混んでいてバスが予定より20分も遅れたものですから。,Because of crowding a way ,0,0.41801592707634,0.143657833337784
私は自動車を運転してほとんど30年になるが、幸いこれまで事故にあったことがない。,"I have never ever no accident, even thought I have taking car 30 yarys.",0,0.739748179912567,0.720317542552948
私は自動車を運転してほとんど30年になるが、幸いこれまで事故にあったことがない。,"I have been driving a car almost for thirty years, but I have no car accidents fortunately.",11,0.966580152511597,0.83109325170517
私は自動車を運転してほとんど30年になるが、幸いこれまで事故にあったことがない。,I fortunately haven't got a car accident for 30 years since I started driving a car.,11,0.927089869976044,0.80001163482666
私は自動車を運転してほとんど30年になるが、幸いこれまで事故にあったことがない。,"I have been driving almost 30years, fortunatery I have never had traffic accidents.",10,0.928180694580078,0.892288088798523
私は自動車を運転してほとんど30年になるが、幸いこれまで事故にあったことがない。,"I've been driving a car for almost 30 years, and fortunately I've never had an accident.",11,0.946229100227356,0.945956408977508
幼稚園児がこの通りの交差点でトラックにはねられているのを見て、ショックを受けた。,I had shocked to see the nursery kid had bump of truck this trrafic jam this street.,0,0.855328321456909,0.669498920440674
幼稚園児がこの通りの交差点でトラックにはねられているのを見て、ショックを受けた。,I was shocked that I bumped into the accident which a track drove away a kindergarden student on the cross road in this street.,0,0.71833336353302,0.546127259731293
幼稚園児がこの通りの交差点でトラックにはねられているのを見て、ショックを受けた。,I was shocked I saw a Kindergarten  child was hit by the track the intersection of this street.,11,0.817601799964905,0.749284863471985
幼稚園児がこの通りの交差点でトラックにはねられているのを見て、ショックを受けた。,I was very shocked to see that the truck went over the child at the crossroad of this street. ,111,0.877089738845825,0.838311970233917
幼稚園児がこの通りの交差点でトラックにはねられているのを見て、ショックを受けた。,I was shocked that younger child attacked by track closs road of the way .,0,0.744331061840057,0.70865797996521
もし彼がその電車に乗っていたら、事故に巻き込まれたでしょう。,"It shoud make accident, if he were to ride on that train.",0,0.908779561519623,0.82977283000946
もし彼がその電車に乗っていたら、事故に巻き込まれたでしょう。,"If he had taken the train, he would have been involved in an accident.",111,0.973250865936279,0.937996864318848
もし彼がその電車に乗っていたら、事故に巻き込まれたでしょう。,"If he was on the train, he would have been in the accident.",111,0.978711187839508,0.990441560745239
もし彼がその電車に乗っていたら、事故に巻き込まれたでしょう。,If he took the train he would got involved in an accident. ,11,0.961284756660461,0.883564352989197
もし彼がその電車に乗っていたら、事故に巻き込まれたでしょう。,"If he ride the train, he might have been involved in the accident.",11,0.962702691555023,0.893808364868164
東京から大阪までは車で行くと、一日がかりですが、飛行機で行くと、一時間です。,"It takes one day to go Osaka from Tokyo by car, but one hour by airplane.",11,0.939947366714478,0.904951930046082
東京から大阪までは車で行くと、一日がかりですが、飛行機で行くと、一時間です。,"It takes a whole day from Tokyo to Osaka by car, but it takes an hour by airplane.",111,0.939999163150787,0.915481209754944
東京から大阪までは車で行くと、一日がかりですが、飛行機で行くと、一時間です。,"It takes a day from Tokyo to Osaka by car,it takes an hour by plane.",111,0.968330144882202,0.891793608665466
東京から大阪までは車で行くと、一日がかりですが、飛行機で行くと、一時間です。,"It takes a day to go to Tokyo from Osaka by car,but it takes an hour by airplane.",101,0.966887474060059,0.919106125831604
東京から大阪までは車で行くと、一日がかりですが、飛行機で行くと、一時間です。,it cosy a day Tokyo to Osaka by car but a minutes by train.,0,0.828188896179199,0.760689616203308
電車もバスもすし詰めで、ずっと立ちっぱなしだった。,I stood all the time because bus and train was very clowed.,0,0.823294222354889,0.793964385986328
電車もバスもすし詰めで、ずっと立ちっぱなしだった。,The trains and buses were so crowded that I have to stand the whole time.,101,0.864115595817566,0.757887721061706
電車もバスもすし詰めで、ずっと立ちっぱなしだった。,"Because both the train and the bus were crowded, I kept standing all the time.",10,0.839718759059906,0.741265773773193
電車もバスもすし詰めで、ずっと立ちっぱなしだった。,I stood for a long time because the train or the bus was very crowdy.,110,0.837345480918884,0.698399662971497
電車もバスもすし詰めで、ずっと立ちっぱなしだった。,I was standing all the time because train and bus crowded.,11,0.847205936908722,0.750875949859619
目的地に着いたときは、くたくただった。,"I was so tired,when I arrived at the my destination place.",11,0.917547464370728,0.907138705253601
目的地に着いたときは、くたくただった。,I was tired when I arrived at destination.,111,0.946531891822815,0.925666213035584
目的地に着いたときは、くたくただった。,I was very tired when I arrived at my goal.,111,0.87727701663971,0.759168982505798
目的地に着いたときは、くたくただった。,"When I arrived the destination, I was exhausted.",111,0.858588576316834,0.828659474849701
目的地に着いたときは、くたくただった。,I was very tired when I reached the objective place.,111,0.890872180461883,0.810402929782867
人によって考え方はまちまち。誰がどんな趣味を持っているのかはわからぬものだ。,I have know idea people`s thinking are valious that hobby as well.,100,0.640990614891052,0.280289649963379
人によって考え方はまちまち。誰がどんな趣味を持っているのかはわからぬものだ。,People have different ideas. You don't know who has what hobby.,111,0.919386029243469,0.593030750751495
人によって考え方はまちまち。誰がどんな趣味を持っているのかはわからぬものだ。,Everyone has different thoughts. We wouldn't know what hobbies people have.,111,0.874579071998596,0.590639352798462
人によって考え方はまちまち。誰がどんな趣味を持っているのかはわからぬものだ。,People have different thought. It is not predictable that indivisulas have what kind of hobby.,0,0.815205216407776,0.471888691186905
人によって考え方はまちまち。誰がどんな趣味を持っているのかはわからぬものだ。,A person is diffirent from thinking.I do not know who have a hobby.,0,0.733111619949341,0.416399329900742
昨夜はあの探偵小説について夢中になって、午前2時まで夜ふかししてしまったよ。,"I have having over 2 o`clock, to make me fever reading scorrer novel last night.",0,0.699027419090271,0.303559362888336
昨夜はあの探偵小説について夢中になって、午前2時まで夜ふかししてしまったよ。,"I stayed up late until 2 a.m.last night,because I was so absorbed in that detective novel.",111,0.932622313499451,0.57072514295578
昨夜はあの探偵小説について夢中になって、午前2時まで夜ふかししてしまったよ。,I stayed away by 2am because I was into the mistery novel last night.,0,0.669205725193024,0.360150068998337
昨夜はあの探偵小説について夢中になって、午前2時まで夜ふかししてしまったよ。,I was absorbed in reading detective novels so I was up till 2am last night.,111,0.891276061534882,0.48789969086647
昨夜はあの探偵小説について夢中になって、午前2時まで夜ふかししてしまったよ。,"Last night, I was crazy for the cetective novel, so I stayed up late until 2 am.",110,0.858473539352417,0.470704913139343
今までに私が読んだ多くの本の中で、今ちょうど読み終わった小説ほど感銘を受けた本はない。,no ambisious this nobel just mede to read even I have ever read books.,0,0.551097452640533,0.426644116640091
今までに私が読んだ多くの本の中で、今ちょうど読み終わった小説ほど感銘を受けた本はない。,I've never been more impressed than the novels I've just read of all the books I've read.,111,0.870141744613647,0.656175434589386
今までに私が読んだ多くの本の中で、今ちょうど読み終わった小説ほど感銘を受けた本はない。,This novel that I have just finished reading is the most impressive one among the others that I read so far,101,0.902502298355102,0.792843103408814
今までに私が読んだ多くの本の中で、今ちょうど読み終わった小説ほど感銘を受けた本はない。,I have never been impressed so much by all the books I had ever read than the novel I've just finished reading.,11,0.936209976673126,0.626302838325501
今までに私が読んだ多くの本の中で、今ちょうど読み終わった小説ほど感銘を受けた本はない。,"Among many books I have read, there is no impressive book rather than the novel which I have just finished reading.",111,0.931032240390778,0.555811285972595
本を読むには、積極的に想像力を働かさなければならないからです。,To read book we must use imagination proactively.,11,0.948442339897156,0.603269755840302
本を読むには、積極的に想像力を働かさなければならないからです。,It is because reading books requires an aggresive imagination.,110,0.913497865200043,0.631512522697449
本を読むには、積極的に想像力を働かさなければならないからです。,Because you need to use your imagination when you read books.,101,0.96040403842926,0.681427478790283
本を読むには、積極的に想像力を働かさなければならないからです。,"To read a book, you need to use your imagination activetly.",0,0.966124653816223,0.692347526550293
本を読むには、積極的に想像力を働かさなければならないからです。,To read a book must be imagine.,0,0.879302024841309,0.610497057437897
読書は我々が子供に伝えなければならない文化遺産の一部だということを忘れてはならない。,We must not forget that reading is one of cultural heritage to teach the children.,111,0.967839002609253,0.86474621295929
読書は我々が子供に伝えなければならない文化遺産の一部だということを忘れてはならない。,We shouldn't forget that reading book is one of the cultural heritages that we have to take over to our children.,111,0.956396222114563,0.86248517036438
読書は我々が子供に伝えなければならない文化遺産の一部だということを忘れてはならない。,Don't forget reading books is part of cultural heritage we tell children.,111,0.965585052967072,0.823432445526123
読書は我々が子供に伝えなければならない文化遺産の一部だということを忘れてはならない。,We remember the reading book is the one of the culture heritage which we have to tell our children.,11,0.951048851013184,0.805347681045532
読書は我々が子供に伝えなければならない文化遺産の一部だということを忘れてはならない。,Reading a book ,0,0.614920496940613,0.42198634147644
ウィスキーのボトルを2本も空けて車を運転するのは危険だ。,It is very dengerous driving car after drinking 2 bottles vwisky.,0,0.811012387275696,0.594083666801453
ウィスキーのボトルを2本も空けて車を運転するのは危険だ。,It is dangerous to drive a car after you drink two bottles of whiskey.,111,0.953160226345062,0.954910218715668
ウィスキーのボトルを2本も空けて車を運転するのは危険だ。,It is dangerous to drive a car after drinking two bottles of whisky.,111,0.954422235488892,0.938344597816467
ウィスキーのボトルを2本も空けて車を運転するのは危険だ。,It is degerous to drive the car after drinking two bottles of the whiskey.,10,0.900795876979828,0.828486323356628
ウィスキーのボトルを2本も空けて車を運転するのは危険だ。,It is danger to drive a car opening two wiskey bottles.,10,0.934094309806824,0.818063855171204
日本の高校生の大半が、大学入試に備えるために塾に行く。,Most Japanese high school students go to cram schools to prepare for college entrance exams.,111,0.880654454231262,0.985016047954559
日本の高校生の大半が、大学入試に備えるために塾に行く。,Most of high school students in Japan go to Juku to prepare for entrance exam.,0,0.851647973060608,0.774330377578735
日本の高校生の大半が、大学入試に備えるために塾に行く。,Many Japanese highschool students go to cram school to prepare for university entrance exams.,111,0.865990161895752,0.946402072906494
日本の高校生の大半が、大学入試に備えるために塾に行く。,"Most Japanese high school students, they go to cram school to prepare for college entrance exam.",0,0.859766840934753,0.983801484107971
日本の高校生の大半が、大学入試に備えるために塾に行く。,Most Japanese high school students go to cram schools to prepare for the university entrance exams.,111,0.882445931434631,0.976450681686401
列車で隣に座ったおばあさんに、どこまで行くのと尋ねられた。,"I was asked next grandmother,""Where are you going to?"" on the train.",111,0.902238607406616,0.761271595954895
列車で隣に座ったおばあさんに、どこまで行くのと尋ねられた。,I was asked by a elderly woman sitting next seat in the train where I was going to.,0,0.88146960735321,0.929697036743164
列車で隣に座ったおばあさんに、どこまで行くのと尋ねられた。,"An old woman sitting next to me in a train, she asked me how far will yo go?",0,0.812329590320587,0.861643075942993
列車で隣に座ったおばあさんに、どこまで行くのと尋ねられた。,I was asked where did you go by the old woman who sat down aside me.,111,0.719402611255646,0.601061463356018
列車で隣に座ったおばあさんに、どこまで行くのと尋ねられた。,"I was asked a old mother who I was sitted side by side a train,she said where do you going?",0,0.895545601844788,0.78242290019989
大地震がいつどこで起こるのかは予測不可能だ。,It is noimpposibe to make big earthquork.,0,0.379040956497192,0.145702481269836
大地震がいつどこで起こるのかは予測不可能だ。,It is unexpected that in where big earthquakes occur,1,0.753677785396576,0.606589257717133
大地震がいつどこで起こるのかは予測不可能だ。,We don't know when and where the big earthquake will occur. ,101,0.927850842475891,0.709976315498352
大地震がいつどこで起こるのかは予測不可能だ。,It is not predicable when or where the earthquake occurs. ,110,0.92390787601471,0.687812685966492
大地震がいつどこで起こるのかは予測不可能だ。,It is not expect to cause a huge earthquick.,0,0.627336502075195,0.328484565019608
トムは万事うまくいくと言い張ったが、私は心配で仕方なかった。,I was worried about that even Tom has made job.,0,0.631199479103088,0.423828572034836
トムは万事うまくいくと言い張ったが、私は心配で仕方なかった。,"Tom said that everything would be all right,but I was so nervous.",111,0.912972271442413,0.800755262374878
トムは万事うまくいくと言い張ったが、私は心配で仕方なかった。,"Tom said that he has confidence that everthing goes well, but I was worried so much.",111,0.82442843914032,0.546445727348328
トムは万事うまくいくと言い張ったが、私は心配で仕方なかった。,Tom    everything will go well but I worried about that too much.,111,0.907235264778137,0.60117769241333
トムは万事うまくいくと言い張ったが、私は心配で仕方なかった。,"Even though Tom said there was no problem, I was very concerned.",101,0.863460183143616,0.629902064800262
僕の発言が彼女を傷つけるなんで思いもしなかった。,"I had no idea,what I said hurt her.",111,0.714345216751099,0.523080229759216
僕の発言が彼女を傷つけるなんで思いもしなかった。,I don't expected I hurt her with my comment .,11,0.871516704559326,0.55250084400177
僕の発言が彼女を傷つけるなんで思いもしなかった。,I didn't even think that what I said hurts her feeling.,10,0.887049198150635,0.647374153137207
僕の発言が彼女を傷つけるなんで思いもしなかった。,I didn't expect my comment might hurt her.,111,0.868687689304352,0.676126778125763
僕の発言が彼女を傷つけるなんで思いもしなかった。,I never expected that my words hurt her.,111,0.854790270328522,0.72464257478714
大学を卒業したら海外で仕事を探すことに決めている。,I have decided to srech for job in abroad after graduate to the Univercity.,0,0.902620911598206,0.617905616760254
大学を卒業したら海外で仕事を探すことに決めている。,I decided to look for a job abroad after I graduate from college.,111,0.932900190353394,0.95911568403244
大学を卒業したら海外で仕事を探すことに決めている。,I dicided when I graduate university  I will find a job overseas. ,10,0.919776737689972,0.788635611534119
大学を卒業したら海外で仕事を探すことに決めている。,"When I graduate university,I will look for a job abroad.",11,0.957860469818115,0.939356327056885
大学を卒業したら海外で仕事を探すことに決めている。,I decide to find a job when I will guraduate college.,0,0.73667585849762,0.643676340579987
10代の頃、父の仕事の関係でカナダに3年間住んだことがある。,"When I was a teenager, I lived in Canada for three years because of my father's job.",111,0.954597592353821,0.901025652885437
10代の頃、父の仕事の関係でカナダに3年間住んだことがある。,I have lived in Canada in teenager because of my father's work.,1,0.884797155857086,0.788707375526428
10代の頃、父の仕事の関係でカナダに3年間住んだことがある。,"When I was teenager, I had lived in Canada for three years due to my father's work.",111,0.957640409469604,0.87732470035553
10代の頃、父の仕事の関係でカナダに3年間住んだことがある。,"When I was a teenager, I had lived in Canada for three years with my father's job ",111,0.948002934455872,0.887612819671631
10代の頃、父の仕事の関係でカナダに3年間住んだことがある。,"When I was a teenager, I lived in Canada for three years because of my father's work.",111,0.952670812606812,0.880046367645264
インターネットの普及とともに、ここ数年、パソコンの売り上げが急速に伸びている。,"Because of internet, sales of personal computer is increasing in this several years .",0,0.936719477176666,0.923938751220703
インターネットの普及とともに、ここ数年、パソコンの売り上げが急速に伸びている。,"In addition to the spread of the Internet, the sales of PC have been increaseing rapidly in the past few years.",111,0.947217166423798,0.854849934577942
インターネットの普及とともに、ここ数年、パソコンの売り上げが急速に伸びている。,"With the spread of the Internet, sales of computer have been increasing dramatically in the past few days.",11,0.923985242843628,0.904308199882507
インターネットの普及とともに、ここ数年、パソコンの売り上げが急速に伸びている。,"In recent years, with the spread of the internet, sales of personal computers have increased rapidly.",111,0.964905023574829,0.939165472984314
インターネットの普及とともに、ここ数年、パソコンの売り上げが急速に伸びている。,"Latest years, sales of a computer suddenly incline by spending of internet.",1,0.893514454364777,0.706202745437622
今朝電車に乗ったとき、空いた席が見つからなかった。,"When I got on the train this morning, I couldn't find an empty seat.",111,0.955791652202606,1.00000011920929
今朝電車に乗ったとき、空いた席が見つからなかった。,"When I take a train in this morning, I can't find vacant seat.",11,0.919922649860382,0.888488173484802
今朝電車に乗ったとき、空いた席が見つからなかった。,"When I got on a train in this morning, I couldn't find an empty seat.",11,0.949728906154633,0.991540372371674
今朝電車に乗ったとき、空いた席が見つからなかった。,"When I took the train this morning, I didn't find vacancy.",11,0.885179221630096,0.772524118423462
今朝電車に乗ったとき、空いた席が見つからなかった。,"When I got on the train this morning, I couldn't find a vacant seat.",111,0.959052860736847,0.94856607913971
今はめがねをかけていないので、あの標示に何と書いてあるのかわかりません。,"I don't wear glasses now, so I don't understand what that sign says.",101,0.740954637527466,0.906193971633911
今はめがねをかけていないので、あの標示に何と書いてあるのかわかりません。,I can't understand the sign because I don't wear eyeglass.,100,0.688078880310059,0.80804967880249
今はめがねをかけていないので、あの標示に何と書いてあるのかわかりません。,"Because I don't have my glasses now, I don't know what the poster says.",0,0.742345929145813,0.781770527362824
今はめがねをかけていないので、あの標示に何と書いてあるのかわかりません。,"As I don't wear glasses now, I can't read what's on the sign.",100,0.683049619197845,0.848483979701996
今はめがねをかけていないので、あの標示に何と書いてあるのかわかりません。,"Now I'm not wearing my glasses,so I can not understand what the sign says.",0,0.744944334030151,0.936952233314514
人間は5~6歳になる頃には、思ったことを表現できる能力を持つようになる。,"Humans have the ability to express what they think,by five years to six years.",111,0.789564490318298,0.805171012878418
人間は5~6歳になる頃には、思ったことを表現できる能力を持つようになる。,They have ability to express what they think in their age of 5 or 6.,0,0.885839343070984,0.763939201831818
人間は5~6歳になる頃には、思ったことを表現できる能力を持つようになる。,All human-being acquires an ability to express what they think when 5 to 6 years old.,111,0.892820715904236,0.719632863998413
人間は5~6歳になる頃には、思ったことを表現できる能力を持つようになる。,"Humans are around 5〜6years old, they have the ability to express what they think.",111,0.866532206535339,0.758767366409302
人間は5~6歳になる頃には、思ったことを表現できる能力を持つようになる。,"By the age of 5-6, humans will have the ability to express what they think.",111,0.909821093082428,0.807883024215698
先日描いてもらった地図のおかげで、迷わずにここまで来ることができました。,I made it  for  your drawing  map.,0,0.691015005111694,0.538354754447937
先日描いてもらった地図のおかげで、迷わずにここまで来ることができました。,"Thanks to the map written the other day, I was able to come here.",101,0.88133704662323,0.823203802108765
先日描いてもらった地図のおかげで、迷わずにここまで来ることができました。,"Thanks to the map you wrote the other day, I could come here without getting lost.",111,0.851209878921509,0.896657288074493
先日描いてもらった地図のおかげで、迷わずにここまで来ることができました。,"Thanks to the map that you drew the other day,I could come here without hesitation.",111,0.787652432918549,0.828531265258789
先日描いてもらった地図のおかげで、迷わずにここまで来ることができました。,"I thanks to be drew a map,I could come here soon.",0,0.756567418575287,0.70054304599762
ボブはずいぶんと変わっていたので、このまえのクラスで会った時に彼だと分からなかった。,I can't recognize Bob because of change when I met him in the class.,0,0.88159704208374,0.838276505470276
ボブはずいぶんと変わっていたので、このまえのクラスで会った時に彼だと分からなかった。,"Bob changed a lot, so I didn't recognize him when seeing him in the previous lesson.",111,0.889647960662842,0.795292496681213
ボブはずいぶんと変わっていたので、このまえのクラスで会った時に彼だと分からなかった。,"When I met Bob last class reunion, he changed a lot so I didn't recognize him .",101,0.883582532405853,0.907414078712463
ボブはずいぶんと変わっていたので、このまえのクラスで会った時に彼だと分からなかった。,"Bob was so different ,I didn't realize him when I met him in the previous classroom.",101,0.936938047409058,0.731826305389404
ボブはずいぶんと変わっていたので、このまえのクラスで会った時に彼だと分からなかった。,I do not know Bob after classroom because he is very change.,0,0.80224484205246,0.615299105644226
昨日は数学の予習に追われて4時まで起きていたので、とても眠い。,"I have studied mas until 4 o`clock,I am verry sllepy.",0,0.58635276556015,0.229760900139809
昨日は数学の予習に追われて4時まで起きていたので、とても眠い。,"I stayed up until 4 o'clock yesterday because I was busy preparing for math, so I'm very sleepy.",111,0.934596717357636,0.89622962474823
昨日は数学の予習に追われて4時まで起きていたので、とても眠い。,I'm very sleepy because I stayed up until 4 o'clock to prepare math.,11,0.9151611328125,0.865446746349335
昨日は数学の予習に追われて4時まで起きていたので、とても眠い。,"As I prepared for the math class hard until 4 am, I'm very sleepy.",111,0.936430752277374,0.834469676017761
昨日は数学の予習に追われて4時まで起きていたので、とても眠い。,I'm very sleepy because I had woken until 4 AM to do pre-study of math yesterday.,111,0.951356768608093,0.776084363460541
図書館から昨日借りてきた小説を読み終えたので、今はすることがない。,I have nothing now even I already read nobel book yeasterday from librally.,0,0.671441733837128,0.508405327796936
図書館から昨日借りてきた小説を読み終えたので、今はすることがない。,"I finished reading the novel I borrowed from the library yesterday, so I have nothing to do now.",111,0.954785704612732,0.978651165962219
図書館から昨日借りてきた小説を読み終えたので、今はすることがない。,"As I finished reading a book borrowed from the libraly yesterday, I have nothing to do now.",111,0.888573408126831,0.738343477249146
図書館から昨日借りてきた小説を読み終えたので、今はすることがない。,"I finished reading the novel when I rent yesterday, I have nothing to do now.",101,0.87944895029068,0.749941825866699
図書館から昨日借りてきた小説を読み終えたので、今はすることがない。,"I've finished reading the novel that I borrowed from the liblary, so I have no things to do.",110,0.891996741294861,0.796751141548157
図書館に来る学生の中には、まるで喫茶店にいるかのように振る舞う者がいる。,"Some of the students to use the library,as if they were in the coffee shop.",11,0.92226505279541,0.880176842212677
図書館に来る学生の中には、まるで喫茶店にいるかのように振る舞う者がいる。,"There is a student who come to the library , behave in the coffee shop .",0,0.853306770324707,0.840714693069458
図書館に来る学生の中には、まるで喫茶店にいるかのように振る舞う者がいる。,"There are some students coming to library, who behave as if being in a cafe.",11,0.937613129615784,0.897681593894959
図書館に来る学生の中には、まるで喫茶店にいるかのように振る舞う者がいる。,Some students coming to the library act like as if they are in a caf?.,11,0.932032227516174,0.848990976810455
図書館に来る学生の中には、まるで喫茶店にいるかのように振る舞う者がいる。,Some students who come to the library behave as like in tearoom.,11,0.913446068763733,0.734523296356201
子供の頃、もう少し家が広ければと思ったものでした。,"When I was a child, I used to wish my house had been a little bigger.",111,0.884018063545227,0.957189202308655
子供の頃、もう少し家が広ければと思ったものでした。,I wish I have a little wide house in childhood.,111,0.901077032089233,0.721315979957581
子供の頃、もう少し家が広ければと思ったものでした。,"At the age of my childhood, I thought that it would be better if my house was a little bigger one.",111,0.887818098068237,0.784868478775024
子供の頃、もう少し家が広ければと思ったものでした。,"When I was a child, I would have wished that my house were more spacious.",1,0.883472561836243,0.838528990745544
子供の頃、もう少し家が広ければと思ったものでした。,"When I was a child, I often thought that if my house was big a little.",111,0.840818643569946,0.857784271240234
洪水や地震などの被災者を手助けするボランティアとして活動したい。,I want joying helping victims as vollunter.,0,0.526604294776917,0.422049283981323
洪水や地震などの被災者を手助けするボランティアとして活動したい。,"I would like to do a volunteer for supporting people who are suffering from natural disaster, such as high tide or earthquake.",0,0.932274758815765,0.910136580467224
洪水や地震などの被災者を手助けするボランティアとして活動したい。,I want to act to help people      and earthquake.,0,0.774304747581482,0.644546151161194
洪水や地震などの被災者を手助けするボランティアとして活動したい。,I would like to work as a volunteer to help victims of floods and earthquakes.,111,0.957417190074921,0.938024044036865
洪水や地震などの被災者を手助けするボランティアとして活動したい。,I want to be bolantere helping ,0,0.503914713859558,0.321099638938904
トムは素晴らしいドラムを持っていますが、誰にも使わせません。,"Though Tom has good drums , he doesn't allow to use others. ",0,0.827751994132996,0.588397264480591
トムは素晴らしいドラムを持っていますが、誰にも使わせません。,"Tom has a great drum, but he doesn't want anyone to use it.",101,0.883004665374756,0.633020281791687
トムは素晴らしいドラムを持っていますが、誰にも使わせません。,Tom has an excellent drum but he doesn't allow anyone to use it.,111,0.88802695274353,0.672166347503662
トムは素晴らしいドラムを持っていますが、誰にも使わせません。,Tom has fine drams but he does not allow anyone to use it.,11,0.699337244033814,0.481895983219147
トムは素晴らしいドラムを持っていますが、誰にも使わせません。,Tom have a excerent drum but he don't use anyone.,10,0.87134200334549,0.612801909446716
最初トムは冗談を言っていると思ったが、後で本気だとわかった。,"I thought Tom said joking,after that he was thlious.",0,0.903279423713684,0.704344868659973
最初トムは冗談を言っていると思ったが、後で本気だとわかった。,"At first I thought Tom told a joke, but later I found out he was serious.",111,0.96716833114624,0.941146552562714
最初トムは冗談を言っていると思ったが、後で本気だとわかった。,"At first, I thoght Tom said joke, but later I realized he was serious.",110,0.966010451316834,0.904389142990112
最初トムは冗談を言っていると思ったが、後で本気だとわかった。,"At first I thought that he was joking, but I later I realized he was serious.",111,0.753349602222443,0.838366031646729
最初トムは冗談を言っていると思ったが、後で本気だとわかった。,"Firstly I supposed Tom said joke, but after that I found out he was serious.",1,0.950360238552094,0.87878406047821
この前の日曜日、生まれて初めてイタリア料理に挑戦してみましたが、とってもおいしいものができました。,"I had tyring to make Itary first time this Sunday,I could make dellisiou.",0,0.54633355140686,0.372021585702896
この前の日曜日、生まれて初めてイタリア料理に挑戦してみましたが、とってもおいしいものができました。,"Last Sunday, I tried to cook Italian food for the first time in my life and it was very delicious.",111,0.963409125804901,0.932093679904938
この前の日曜日、生まれて初めてイタリア料理に挑戦してみましたが、とってもおいしいものができました。,"Last sunday, I tried to cook Italian food for the first time in my life and I succeeded. ",0,0.911425948143005,0.84553986787796
この前の日曜日、生まれて初めてイタリア料理に挑戦してみましたが、とってもおいしいものができました。,"Last Sunday, I tried to cook Italian even for the first time though, those were quite tasty. ",111,0.928793907165527,0.900075614452362
この前の日曜日、生まれて初めてイタリア料理に挑戦してみましたが、とってもおいしいものができました。,"Last Sunndy, I tried to cook italian and it was the first time for me. It was very delisious.",0,0.784817755222321,0.723447322845459
私はアンに遅刻したことを誤ったが、許してはくれなかった。,"I said to sorry to late to An,thought She was upset.",0,0.790638566017151,0.712171316146851
私はアンに遅刻したことを誤ったが、許してはくれなかった。,"I apologized to Ann for being late, but she wouldn't forgive me.",111,0.926634907722473,0.985107839107513
私はアンに遅刻したことを誤ったが、許してはくれなかった。,"Although I apologized to Ann about being late, she didn't forgive me.",11,0.92913544178009,0.978700995445251
私はアンに遅刻したことを誤ったが、許してはくれなかった。,"I made an appologies for being late to Anne, but she didn't forgive me.",110,0.901762306690216,0.748787939548492
私はアンに遅刻したことを誤ったが、許してはくれなかった。,Anne did not allow me even though I appologized my delay.,0,0.721253037452698,0.487722754478455
毎日、家事がとても忙しく、映画を観に行く暇がない。,"Every day,I have no time to go to the movies because I am so busy to do household chores. ",0,0.950623273849487,0.825810551643372
毎日、家事がとても忙しく、映画を観に行く暇がない。,I don't have time to watch movie because I'm busy housework every day,111,0.949300706386566,0.868265867233276
毎日、家事がとても忙しく、映画を観に行く暇がない。,I am so busy with house work everyday that I don't have the chance to go to the movies.,110,0.920373320579529,0.811086654663086
毎日、家事がとても忙しく、映画を観に行く暇がない。,"As I'm tied up with housechores everyday, I don't have time to go to see the movies.",100,0.890009164810181,0.722982406616211
毎日、家事がとても忙しく、映画を観に行く暇がない。,There is no time to go to the theather because I'm very busy to work in my home. ,0,0.836271524429321,0.622784316539764
この木の机は重いので私一人では二階まで運べない。,This wood desk is too heavy to move to upstair by myself.,100,0.948312163352966,0.85444039106369
この木の机は重いので私一人では二階まで運べない。,"This wood desk is heavy, so it is hard to carry up to second floor by myself.",0,0.942168891429901,0.828590095043182
この木の机は重いので私一人では二階まで運べない。,This wooden desk is so heavy that I can't bring it up to the second floor,101,0.932029604911804,0.845261573791504
この木の机は重いので私一人では二階まで運べない。,I alone am not able to bring this table to 2nd floor because it is very heavy.,111,0.873832166194916,0.643226027488709
この木の机は重いので私一人では二階まで運べない。,The desk of wood do not carry by sesond floor only me because it is heavy.,110,0.872079193592072,0.78584349155426
ヨーロッパ旅行中、どこの国に行っても多くの日本人旅行者に出会うのでうんざりしました。,I had sad that met many japanese tourlisets during Eourope trip.,0,0.775210916996002,0.611684441566467
ヨーロッパ旅行中、どこの国に行っても多くの日本人旅行者に出会うのでうんざりしました。,"During my trip to Europe,I felt bored because I met Japanese wherever I went.",101,0.802672147750855,0.692674279212952
ヨーロッパ旅行中、どこの国に行っても多くの日本人旅行者に出会うのでうんざりしました。,"I was dassapointed during my trip to Europe, because I met many Japanese tourists everywhere I visited.",101,0.771401226520538,0.729259610176086
ヨーロッパ旅行中、どこの国に行っても多くの日本人旅行者に出会うのでうんざりしました。,"During my trip in Europe, I felt bored of seeing many tourists from Japan wherever countries I visited.",101,0.892150044441223,0.811908304691315
ヨーロッパ旅行中、どこの国に行っても多くの日本人旅行者に出会うのでうんざりしました。,"During my trip to Europe,I was bored because I met many Japanese tourists whenever I go.",0,0.849429368972778,0.780728578567505
私がプレゼントしたイヤリングをして母が会社に行くのを見て、とてもうれしかった。,I was very happy to see my mother go to the office wearing the earrings that I gave to her. ,111,0.920617818832397,0.885954022407532
私がプレゼントしたイヤリングをして母が会社に行くのを見て、とてもうれしかった。,I was happy to see my mother to go to the office with earring I presented.,10,0.880671203136444,0.754445016384125
私がプレゼントしたイヤリングをして母が会社に行くのを見て、とてもうれしかった。,I was happy to see my mother wearing the earings that I gave her when she went to work.,10,0.877964496612549,0.828882157802582
私がプレゼントしたイヤリングをして母が会社に行くのを見て、とてもうれしかった。,I was very happy to see a my mother wear I gave her  earrings  go to work.,10,0.926667213439941,0.944035351276398
私がプレゼントしたイヤリングをして母が会社に行くのを見て、とてもうれしかった。,I was very happy to see that mother putting ear rings which I presented went to the company.,111,0.8453369140625,0.736543297767639
学校は勉強だけを教えているところだと思うのは、学校の役割を理解していない証拠です。,It is no understand that schools upply for studys only.,0,0.786943793296814,0.735289573669434
学校は勉強だけを教えているところだと思うのは、学校の役割を理解していない証拠です。,That you think school is a place where we only studyis evidence that you don't understand the role of school.,110,0.925380110740662,0.77382493019104
学校は勉強だけを教えているところだと思うのは、学校の役割を理解していない証拠です。,To regard the schools as the places where they teach you only subjects will proof that you don't understand the roles of schools.,11,0.8664790391922,0.849157094955444
学校は勉強だけを教えているところだと思うのは、学校の役割を理解していない証拠です。,It is the proof of misunderstanding the role of the school to think only teaching the study in school.,0,0.901464343070984,0.658420979976654
学校は勉強だけを教えているところだと思うのは、学校の役割を理解していない証拠です。,It is not proof that school teach only studying ,0,0.78085732460022,0.72154712677002
たいていの日本人は、大部分の時間を生きるために働いで過ごす。,Most of Japanese spend their time with work to live.,11,0.976692676544189,0.944337725639343
たいていの日本人は、大部分の時間を生きるために働いで過ごす。,Most Jaopanese people spended most of their time working to live.,0,0.776329457759857,0.68898344039917
たいていの日本人は、大部分の時間を生きるために働いで過ごす。,Most Japanese spend their large part of time to work to live.,111,0.97544801235199,0.922912061214447
たいていの日本人は、大部分の時間を生きるために働いで過ごす。,Most Japanese spend most of their time to work to live.,111,0.987336039543152,0.958014488220215
たいていの日本人は、大部分の時間を生きるために働いで過ごす。,"Most of Japanese,they cost a lot of time working to live.",11,0.794042646884918,0.816694259643555
日本人は、他人を傷つけないように自分の気持ちはできるだけ間接的に表現するのがふつうだ。,Japanese usually express their feelings as indirectly as possible so as not to hurt others.,111,0.96190470457077,0.882805585861206
日本人は、他人を傷つけないように自分の気持ちはできるだけ間接的に表現するのがふつうだ。,Japanese always express without immindiately not to indure otherperson.,111,0.677896797657013,0.678000211715698
日本人は、他人を傷つけないように自分の気持ちはできるだけ間接的に表現するのがふつうだ。,Japanese generally try to express their feelings as indirectly as possible in order to not hurt others.,111,0.964268803596497,0.872059881687164
日本人は、他人を傷つけないように自分の気持ちはできるだけ間接的に表現するのがふつうだ。,it's normal for Japanese people to express their feelings indirectly for the purpose of not making others feel bad.,111,0.905434608459473,0.834769010543823
日本人は、他人を傷つけないように自分の気持ちはできるだけ間接的に表現するのがふつうだ。,Many Japanease express their feelings as indirectly as possible not to hurt others.,110,0.952622771263123,0.846897721290588
大気中のCO2の増加は、地球温暖化と密接な関連がある。,The increase in atmospheric CO2 is closely related to global warming.,111,0.968324720859528,0.859519958496094
大気中のCO2の増加は、地球温暖化と密接な関連がある。,Increase of CO2 is closely related with Earth hottering.,110,0.879082500934601,0.720531702041626
大気中のCO2の増加は、地球温暖化と密接な関連がある。,The increase of CO2 in the air is closely related in the global warming.,11,0.982227742671967,0.870905756950378
大気中のCO2の増加は、地球温暖化と密接な関連がある。,closely related to global warming ,0,0.820775091648102,0.691431283950806
大気中のCO2の増加は、地球温暖化と密接な関連がある。,The CO2 increasing in the air is colsely related to the warming up of the earth.,110,0.961390614509582,0.747238516807556
プロ野球はテレビで見るより球場で見た方が100倍面白い。,It is very intersting 100 times to watch baseball studium than TV .,0,0.84382164478302,0.521439373493195
プロ野球はテレビで見るより球場で見た方が100倍面白い。,It is 100 times more interesting to watch professional baseball game in a stadium than watching it on TV.,111,0.950499296188354,0.800824880599976
プロ野球はテレビで見るより球場で見た方が100倍面白い。,Watching baseball games in the excite you 100 times more than doing it on TV.,11,0.930214047431946,0.712433218955994
プロ野球はテレビで見るより球場で見た方が100倍面白い。,Pro baseballgame is 100 times more interesting to watch at the stadium than to watch it on TV.,111,0.951344847679138,0.757484197616577
プロ野球はテレビで見るより球場で見た方が100倍面白い。,professinal baseball is watch a beseball stadium more 100 interest than watch TV.,10,0.869245946407318,0.689907312393189
このバイクは、イギリスでは日本のおよそ二倍の値段です。,This motorcycle is about twice as expensive in England as in Japan.,111,0.948117256164551,0.903444528579712
このバイクは、イギリスでは日本のおよそ二倍の値段です。,"In England,this bike is twice as expensive as in Japan.",111,0.947013854980469,0.82902193069458
このバイクは、イギリスでは日本のおよそ二倍の値段です。,This motorcycle costs in UK approximately twice as expensive as buying in Japan.,111,0.947877526283264,0.860065817832947
このバイクは、イギリスでは日本のおよそ二倍の値段です。,This price of this motorcycle is twice as much as it is in Japan.,0,0.938126683235168,0.867751061916351
このバイクは、イギリスでは日本のおよそ二倍の値段です。,This bike is about twice as expensive in the UK as in Japan.,111,0.951894640922546,0.853746175765991
本を読む量が減ったからといって、今の若者の知的欲求が少なくなったということにはならない。,"It is getting worse reading books, but it is no curious for young people.",0,0.707796454429626,0.557857930660248
本を読む量が減ったからといって、今の若者の知的欲求が少なくなったということにはならない。,"Even if the amount of reading books decreased, it couldn't prove that younger generation lost their wants towards wisdom.",111,0.869091987609863,0.626643419265747
本を読む量が減ったからといって、今の若者の知的欲求が少なくなったということにはならない。,The less reading books young people doesn't mean they don't have less intellectual interests.,0,0.908406257629394,0.738981544971466
本を読む量が減ったからといって、今の若者の知的欲求が少なくなったということにはならない。,The decreased volume of reading the book is not linked to the decreased inteligent intend of current young people.,0,0.861564755439758,0.64680802822113
本を読む量が減ったからといって、今の若者の知的欲求が少なくなったということにはならない。,Latest younger people is not a little wanting of interigent because they read a few book,0,0.805060267448425,0.687358140945435
率直に言って、私が昨日受けた入学試験は思ってたよりもはるかに難しい。,entrance examination I tried yesterday is more difficult that I thought .,0,0.920190930366516,0.817404687404633
率直に言って、私が昨日受けた入学試験は思ってたよりもはるかに難しい。,"Frankly speaking, the exam I took yesterday was much more difficult than T thought.",111,0.889689445495606,0.820906639099121
率直に言って、私が昨日受けた入学試験は思ってたよりもはるかに難しい。,"To be frank,the entrance exam i took yesterday were far more difficult than I had thought.",11,0.956484854221344,0.926585793495178
率直に言って、私が昨日受けた入学試験は思ってたよりもはるかに難しい。,"Honestly,the etrance extam I took yesterday is much harder than I expected.",111,0.734455287456512,0.556015849113464
率直に言って、私が昨日受けた入学試験は思ってたよりもはるかに難しい。,"Flankely speaking,It was more difficult than I think to do admission exam yesterday",10,0.921032547950745,0.753604590892792
世界には食料が有り余っている国もあれば、何万人もの子供が餓死している国もある。,"There is a country which has a lot of foods in the world.
On the other hands there is a country ten thousands of choldren die without any food. ",111,0.792069315910339,0.54060971736908
世界には食料が有り余っている国もあれば、何万人もの子供が餓死している国もある。,"In some countries, there is a extra food, in others, tens of thousands of children suffer from starving and die.",11,0.90473210811615,0.890871465206146
世界には食料が有り余っている国もあれば、何万人もの子供が餓死している国もある。,"Some countries have plenty of foods, and some countries have thousands of famine children to die.",11,0.92503547668457,0.797051846981049
世界には食料が有り余っている国もあれば、何万人もの子供が餓死している国もある。,"In the world, there is the country which has enough food, on the other hand, there is the country where several ten thousand children died by poor food.",11,0.909315347671509,0.635515213012695
世界には食料が有り余っている国もあれば、何万人もの子供が餓死している国もある。,"All over the world,a lot of food is existing countries but million of children is dying countries.",0,0.92039406299591,0.75420093536377
いくら運動しても、カロリーを計算していないと減量は無理だよ。,"You can`t be diet,if you count collury.",0,0.628496885299683,0.473451614379883
いくら運動しても、カロリーを計算していないと減量は無理だよ。,"As long as you don't caliculate the colorie of what you eat, workout doesn't work out for your diet.",0,0.731901407241821,0.608148574829102
いくら運動しても、カロリーを計算していないと減量は無理だよ。,"How much you exercise, it doesn't work unless you calculate calories you take. ",11,0.847668528556824,0.80610191822052
いくら運動しても、カロリーを計算していないと減量は無理だよ。,"No matter how much you do exercise, you can't lose weight unless you calculate calories.",111,0.93092668056488,0.865305483341217
いくら運動しても、カロリーを計算していないと減量は無理だよ。,"to exersise,you cannot decline weight ,so you calculate caloly.",0,0.703203082084656,0.530077338218689
日本人の観光客の中には、非常識にも多額の現金をズボンの後ろのポケットに入れて持ち歩く者がいる。,Some people in japanese tourist go out with a lot of money in their pocket of pants . ,0,0.931923747062683,0.639109969139099
日本人の観光客の中には、非常識にも多額の現金をズボンの後ろのポケットに入れて持ち歩く者がいる。,There are Japanese tourists don't have common sense putting their wallets with bunch of money in their backpocket of  their trousers.,11,0.798374235630035,0.875884711742401
日本人の観光客の中には、非常識にも多額の現金をズボンの後ろのポケットに入れて持ち歩く者がいる。,Some Japanese tourists have much cash in the back pockets of their trousers carelessly.,0,0.942748308181763,0.724415242671967
日本人の観光客の中には、非常識にも多額の現金をズボンの後ろのポケットに入れて持ち歩く者がいる。,It is out of common sense that someone in Japanese visitors bring much money in the behind poket of their slacs.,0,0.812204360961914,0.708857536315918
日本人の観光客の中には、非常識にも多額の現金をズボンの後ろのポケットに入れて持ち歩く者がいる。,Japanese tourists are walk to having a lot of money in their pocket.,0,0.880831897258758,0.678775250911713
健康を維持する秘訣は、バランスのとれた食事をし定期的に運動することです。,It is keeping health that having good meals and taking exasise useally.,0,0.829798221588135,0.527427315711975
健康を維持する秘訣は、バランスのとれた食事をし定期的に運動することです。,The secrets to keep health is eating good balanced food and exercising periodically. ,11,0.968124985694885,0.775302290916443
健康を維持する秘訣は、バランスのとれた食事をし定期的に運動することです。,The key point to stay healty is to eat a balanced meal and exercise regularly.,11,0.949730575084686,0.656926214694977
健康を維持する秘訣は、バランスのとれた食事をし定期的に運動することです。,"The secret to keeping healthy,to eat balanced diet and to exercise regularly. ",11,0.949138820171356,0.837849259376526
健康を維持する秘訣は、バランスのとれた食事をし定期的に運動することです。,The key to keeping healthy is to eat a balanced meal and exercise regularly.,111,0.971041917800903,0.826728641986847
外国に行って初めて、日本の大都市のネオンの多さに気づく。,I was surpraise that japan`s city has many neon even gone to abroad.,0,0.764513969421387,0.765105247497559
外国に行って初めて、日本の大都市のネオンの多さに気づく。,It's only when you go abroad that you realize the big cities of Japan have many illumination.,0,0.825238227844238,0.722350478172302
外国に行って初めて、日本の大都市のネオンの多さに気づく。,We hardly notice that there are many neon signs in Japanese large city areas before going to foreign countries.,111,0.694316864013672,0.690303564071655
外国に行って初めて、日本の大都市のネオンの多さに気づく。,"For the first time when I go abroad, I notice that the big cities of Japan have many neon lights.",111,0.800440788269043,0.759146392345428
外国に行って初めて、日本の大都市のネオンの多さに気づく。,"To first go abroad,it notice a lot of neon primary city of japan.",11,0.860625922679901,0.775208115577698
英語を話せさえすれば国際人になれると勘違いしている日本人が多いのは残念だ。,I am worrid that could be speccilly even japanese people could speak English.,0,0.848864197731018,0.771792054176331
英語を話せさえすれば国際人になれると勘違いしている日本人が多いのは残念だ。,It's a pity that many Japanese misunderstand that they can become international as long as they can speak English.,111,0.958525538444519,0.842103004455566
英語を話せさえすれば国際人になれると勘違いしている日本人が多いのは残念だ。,"It is too bad that many Japanese people think that if they can speak English, they can become an international person.",11,0.970355093479156,0.857283473014831
英語を話せさえすれば国際人になれると勘違いしている日本人が多いのは残念だ。,"Many Japanese peple misunderstand that if only they speak English, they can be seen as international figure.",111,0.847992897033691,0.818721413612366
英語を話せさえすれば国際人になれると勘違いしている日本人が多いのは残念だ。,"There are many Japanease people who misunderstand that they become international people, only if they are able to speak English.",111,0.936333239078522,0.854419231414795
日本の若者の10人のうち7人は、まったく無宗教だと言われる。,It say that no relligion for seven of ten for young people.,10,0.524444580078125,0.53359842300415
日本の若者の10人のうち7人は、まったく無宗教だと言われる。,It is said that 7 our of 10 young people from Japan don't have religion.,10,0.873817086219788,0.850245833396912
日本の若者の10人のうち7人は、まったく無宗教だと言われる。,It is said that 7 young people in 10 totally don't have religious beliefs.,111,0.806745290756226,0.767608821392059
日本の若者の10人のうち7人は、まったく無宗教だと言われる。,It is said that seven in ten Japanese young people is non-religious.,11,0.94545578956604,0.756724655628204
日本の若者の10人のうち7人は、まったく無宗教だと言われる。,it is said that 70 persents of younger Japanese are no ,0,0.648779511451721,0.579667806625366
